director,belongs_to_collection,budget,id,popularity,revenue,runtime,belongs_to_collection.id,averageRating,numVotes,ROI,movies
Abel Ferrara,,13000000.0,4722.0,12.83,428868.0,87.0,,6.0,16810.0,0.032989846153846154,1
Adam Shankman,,42500000.0,2497.0,13.7735,92589268.5,110.0,,5.949999999999999,98563.0,2.25776478,2
Adrian Lyne,,29250000.0,2388.75,17.425,126159547.5,112.25,,6.6,73251.0,8.416955409342105,4
Agnieszka Holland,,11000000.0,1590.0,12.691,6191746.0,104.0,,6.8,13069.0,0.562886,1
Aki Kaurismäki,,1380000.0,1379.0,4.331,1615018.0,78.0,,6.8,6515.0,1.1703028985507247,1
Akira Kurosawa,,1125000.0,447.0,14.793,184205.0,147.5,,8.399999999999999,235890.0,0.2610965,2
Alain Chabat,,58500000.0,2899.0,13.944,111127553.0,108.0,2396.0,6.6,49439.0,1.8996162905982905,1
Alain Corneau,,6000000.0,4274.0,3.356,0.0,180.0,,6.2,880.0,0.0,1
Alan J. Pakula,,33666666.666666664,1944.6666666666667,11.293333333333335,74640061.33333333,119.66666666666667,,7.066666666666666,62314.333333333336,4.958488484313726,3
Alan Parker,,16000000.0,1133.5,10.758,25894816.0,120.5,,7.55,85041.5,1.658926431372549,2
Alejandro Agresti,,40000000.0,2044.0,15.882,114830111.0,99.0,,6.8,141139.0,2.870752775,1
Alejandro Amenábar,,10902000.0,1916.0,13.842333333333334,82950164.0,114.33333333333333,,7.766666666666666,160595.33333333334,5.1619855157122405,3
Alejandro G. Iñárritu,,15666666.666666666,563.0,16.537,72222162.66666667,140.33333333333334,,7.7,246993.33333333334,6.296277576666667,3
Alex Proyas,,73500000.0,2357.0,21.042,187217616.0,107.5,,7.35,344812.5,1.9505217055555555,2
Alexander Payne,,30000000.0,2755.0,11.303,105834556.0,125.0,,7.1,122892.0,3.5278185333333334,1
Alexander Witt,,45000000.0,1577.0,20.588,129394835.0,94.0,17255.0,6.2,186961.0,2.875440777777778,1
Alfonso Cuarón,,67500000.0,1032.0,74.0585,411710623.0,123.5,1241.0,7.75,336616.5,6.399379023076923,2
Alfred Hitchcock,,2125497.0555555555,1139.9444444444443,13.548555555555556,11029961.833333334,113.77777777777777,405313.0,7.661111111111111,156691.0,7.566132298260034,18
Anand Tucker,,10284523.0,2610.0,12.864,11588205.0,104.0,,6.3,23345.0,1.1267615425625477,1
Anders Thomas Jensen,,3700000.0,1023.0,9.965,0.0,94.0,,7.8,46026.0,0.0,1
Andreas Dresen,,600000.0,316.0,1.581,0.0,111.0,,7.1,1594.0,0.0,1
Andreas Prochaska,,2000000.0,1256.0,3.785,0.0,97.0,232407.0,5.5,2418.0,0.0,1
Andrei Tarkovsky,,472685.0,1397.0,12.344999999999999,24420.5,134.5,,8.149999999999999,79436.0,0.029587336588439123,2
Andrew Adamson,,202500000.0,1432.5,48.919,582339341.5,146.5,420.0,6.7,282131.5,3.002071026111111,2
Andrew Davis,,35000000.0,3304.0,16.456,64019184.0,123.0,,6.7,83838.0,1.0669864,2
Andrew Dominik,,30000000.0,4512.0,11.629,14711793.0,160.0,,7.5,170286.0,0.4903931,1
Andrew Niccol,,43000000.0,1306.0,23.527,42574922.5,114.0,,7.699999999999999,288723.5,0.9002370272222222,2
Andrzej Bartkowiak,,25000000.0,2085.0,14.641,91036760.0,115.0,,6.1,67002.0,3.6414704,1
Andy Tennant,,75000000.0,1439.0,11.343,113996937.0,148.0,,6.7,35825.0,1.51995916,1
Ang Lee,,39800000.0,2277.4,19.8998,167720933.6,136.8,290973.0,7.24,194664.0,7.990583830771433,5
Angela Robinson,,3500000.0,540.0,16.642,0.0,91.0,,5.3,14890.0,0.0,1
Anthony Minghella,,48666666.666666664,1303.6666666666667,16.917,177929399.66666666,151.66666666666666,721108.0,7.333333333333333,167862.0,4.667240162388655,3
Antoine Fuqua,,45000000.0,2034.0,26.494,104876233.0,122.0,,7.7,394052.0,2.3305829555555557,1
Arthur Maria Rabenalt,,92.0,2971.0,1.671,0.0,92.0,,6.0,311.0,0.0,1
Arthur Penn,,1500000.0,818.5,10.222000000000001,26600000.0,108.0,,7.949999999999999,59561.5,12.64,2
Aziz Mirza,,4600000.0,4252.0,5.264,18000000.0,175.0,,6.6,14564.0,3.9130434782608696,1
Barry Levinson,,34400000.0,1151.6,13.849599999999999,155250301.2,124.4,,7.32,187003.2,6.535003478,5
Barry Sonnenfeld,,69400000.0,1813.0,23.088199999999997,256024940.2,93.4,48885.5,6.74,220733.4,3.4682449023302935,5
Basil Dearden,,525497.0,4910.0,5.433,0.0,88.0,,6.4,2139.0,0.0,1
Baz Luhrmann,,33500000.0,639.0,16.805500000000002,163256097.5,123.5,,7.15,240005.0,6.7860622302134646,2
Ben Affleck,,19000000.0,4771.0,14.712,34619699.0,113.0,,7.6,252033.0,1.8220894210526315,1
Ben Stiller,,11500000.0,2788.0,10.925,20079850.0,99.0,,6.6,46347.0,1.7460739130434784,1
Bennett Miller,,7000000.0,398.0,13.653,49084830.0,114.0,,7.3,126020.0,7.012118571428571,1
Bernardo Bertolucci,,16650000.0,1845.2,14.35,20021506.8,172.2,,7.140000000000001,59100.8,6.394887892836438,5
Betty Thomas,,71000000.0,3050.0,20.543,294456605.0,85.0,3169.0,5.4,91805.0,4.147276126760564,1
Bill Condon,,40000000.0,2079.0,11.6155,80694654.0,119.5,,6.9,49342.0,1.4292791142857144,2
Bille August,,27500000.0,2066.5,10.2085,0.0,127.5,,7.0,16377.5,0.0,2
Billy Wilder,,2778080.0,857.125,12.260000000000002,10837500.0,117.5,,7.974999999999999,107482.0,3.615703801435219,8
Blake Edwards,,10250000.0,541.0,12.3625,24410857.5,104.5,,6.8,94258.5,2.9922698611111107,2
Bob Clark,,3300000.0,850.0,12.161,20653717.0,93.0,201873.0,7.9,133353.0,6.258702121212121,1
Bob Rafelson,,12000000.0,2017.0,11.881,0.0,97.0,,5.5,7002.0,0.0,1
Bong Joon Ho,,11000000.0,1255.0,33.163,88489643.0,120.0,,7.1,108542.0,8.044513,1
Bonnie Hunt,,24000000.0,2621.0,11.563,36609995.0,115.0,,6.9,19696.0,1.5254164583333334,1
Brad Anderson,,5000000.0,4553.0,15.202,8203235.0,101.0,,7.7,360510.0,1.640647,1
Brad Silberling,,55000000.0,795.0,17.234,198685114.0,114.0,,6.7,114143.0,3.612456618181818,1
Bret Michaels,,12000000.0,1711.0,7.455,0.0,93.0,,4.9,1405.0,0.0,1
Brett Ratner,,33000000.0,2109.0,32.663,244386864.0,98.0,90863.0,7.0,240261.0,7.405662545454545,1
Brian De Palma,,55000000.0,812.25,27.4,165224899.0,128.25,87359.0,7.250000000000001,372980.25,3.0224439765277777,4
Brian Helgeland,,90000000.0,2112.0,18.876,161626121.0,100.0,,7.1,131983.0,1.7958457888888888,1
Brian Levant,,64500000.0,888.5,31.843000000000004,200549741.5,90.5,351684.0,4.300000000000001,49014.5,4.071625316134101,2
Brian O'Hara,,250000.0,3144.0,6.592,0.0,88.0,,4.2,268.0,0.0,1
Bronwen Hughes,,75000000.0,1641.0,12.976,93888180.0,105.0,,5.4,32530.0,1.2518424,1
Bruce A. Evans,,20000000.0,3432.0,14.724,41637263.0,120.0,,7.3,144041.0,2.08186315,1
Bruce Beresford,,16250000.0,922.0,12.028,75671248.0,97.5,,6.449999999999999,61805.5,9.830537066666666,2
Bruce Campbell,,1500000.0,1961.0,13.499,173066.0,86.0,,6.2,23685.0,0.11537733333333333,1
Bryan Singer,,117000000.0,1444.6666666666667,20.176000000000002,204899586.66666666,127.0,8537.0,7.2,499565.0,2.669685619753086,3
Cameron Crowe,,64000000.0,1344.5,15.215,125386015.0,129.0,,7.4,252008.0,1.8903665823529412,2
Carl Franklin,,50000000.0,2116.0,13.629,55495563.0,105.0,,6.5,57351.0,1.10991126,1
Carlos Carrera,,1800000.0,542.0,10.352,0.0,118.0,,6.7,13131.0,0.0,1
Carlos Saldanha,,80000000.0,950.0,56.636,660998756.0,91.0,8354.0,6.8,258262.0,8.26248445,1
Catherine Breillat,,6500000.0,2002.0,3.717,0.0,114.0,,6.2,3348.0,0.0,1
Catherine Hardwicke,,35000000.0,2447.0,14.857,0.0,101.0,,6.8,10134.0,0.0,1
Chan-wook Park,,6500000.0,2599.6666666666665,14.508000000000001,5644980.666666667,119.66666666666667,,7.933333333333333,203197.33333333334,1.8273564166666667,3
Chang-dong Lee,,2900000.0,2015.0,8.793,11581469.0,142.0,,7.5,7182.0,3.99361,1
Charles B. Pierce,,160000.0,1842.0,5.481,22000000.0,87.0,,5.2,2844.0,137.5,1
Charles Chaplin,,1884600.0,1768.6,12.5126,4803836.2,101.4,,7.9399999999999995,140216.2,2.8918883236031574,5
Charles Jarrott,,900000.0,3024.0,3.119,0.0,120.0,,6.8,520.0,0.0,1
Charles Laughton,,795000.0,3112.0,11.168,0.0,93.0,,8.0,82506.0,0.0,1
Charlie Kaufman,,21000000.0,4960.0,13.385,0.0,124.0,,7.6,83865.0,0.0,1
Chris Columbus,,60857142.85714286,1112.0,54.689,451685767.4285714,132.42857142857142,5564.5,7.171428571428572,347833.14285714284,11.635506113968253,7
Chris Kentis,,130000.0,83.0,25.675,54667954.0,79.0,86113.0,5.7,51197.0,420.52272307692306,1
Chris Nahon,,27500000.0,1795.0,15.7085,35156188.5,94.5,,5.949999999999999,37743.0,1.3866657733333334,2
Chris Weitz,,180000000.0,2268.0,19.993,372234864.0,113.0,,6.1,179924.0,2.0679714666666666,1
Christian Petzold,,3000000.0,1614.0,3.8615,0.0,97.5,,6.85,2472.0,0.0,2
Christophe Gans,,50000000.0,588.0,30.443,97607453.0,125.0,64748.0,6.5,214511.0,1.95214906,1
Christopher McQuarrie,,8500000.0,1619.0,10.834,19125401.0,119.0,,6.7,31887.0,2.2500471764705883,1
Christopher Nolan,,86000000.0,389.6,34.75500000000001,328378270.8,130.6,263.0,8.26,1249199.0,3.510496685329808,5
Chuck Russell,,23000000.0,854.0,36.412,351583407.0,101.0,43072.0,6.9,348941.0,15.286235086956522,1
Claude Berri,,4940939.0,4480.0,9.772,0.0,120.0,39460.0,8.0,24135.0,0.0,1
Clint Eastwood,,38425000.0,1211.625,18.153375,126552721.5,134.125,261382.0,7.65,259656.5,4.942230899790669,8
Cristian Mungiu,,852510.0,2009.0,6.466,1185783.0,114.0,,7.9,56927.0,1.3909314846746665,1
Curtis Hanson,,43666666.666666664,1377.6666666666667,20.864333333333335,125851234.66666667,124.0,,7.066666666666666,268857.3333333333,3.227943170773941,3
Cédric Klapisch,,9150000.0,1690.5,9.014,13812550.0,125.5,239766.0,7.15,29608.0,1.280305386792453,2
D.W. Griffith,,4247375.5,1838.5,12.523,7500000.0,195.0,,7.0,18615.0,55.238244112303036,2
Daniel Sackheim,,30000000.0,2176.0,14.193,23619609.0,106.0,520790.0,5.8,33667.0,0.7873203,1
Danny Boyle,,24750000.0,994.0,22.837,70268787.5,108.25,212883.5,7.3999999999999995,368932.25,6.39110126625,4
Danny Cannon,,65000000.0,3600.0,22.546,40002112.0,100.0,3601.0,4.7,69086.0,0.6154171076923077,1
Danny DeVito,,26000000.0,249.0,8.779,160188546.0,116.0,,6.9,48339.0,6.161097923076923,1
Darren Aronofsky,,13186666.666666666,831.6666666666666,14.031333333333334,8638716.666666666,94.0,,7.633333333333334,390629.3333333333,18.588465153439152,3
Darren Lynn Bousman,,8000000.0,364.0,34.74066666666666,152051513.66666666,99.66666666666667,656.0,6.233333333333334,184569.33333333334,22.85140601666667,3
David Ayer,,20000000.0,1266.0,15.669,65569869.0,109.0,124881.0,6.8,107554.0,3.27849345,1
David Carson,,38000000.0,193.0,13.537,120000000.0,118.0,115570.0,6.6,76866.0,3.1578947368421053,1
David Cronenberg,,21742000.0,1453.3333333333333,16.186833333333333,20304097.5,98.66666666666667,,7.083333333333333,122087.33333333333,0.5890505904079454,6
David Fincher,,68166666.66666667,2570.6666666666665,25.5155,192231133.83333334,138.16666666666666,,7.916666666666665,833208.8333333334,3.5573839671050247,6
David Frankel,,35000000.0,350.0,35.548,326551094.0,109.0,,6.9,374386.0,9.330031257142856,1
David Kellogg,,40500000.0,914.0,11.350999999999999,596531.0,84.5,237445.0,3.55,27316.5,0.09942183333333333,2
David Koepp,,40000000.0,1586.0,26.088,92913171.0,96.0,,6.6,183226.0,2.322829275,1
David L. Cunningham,,29500000.0,2028.5,10.971499999999999,15926309.5,101.0,,5.9,12608.0,0.35391798888888887,2
David Lean,,9666666.666666666,893.3333333333334,15.793666666666667,75587249.33333333,196.0,,8.133333333333335,181631.33333333334,9.93487814141414,3
David Lynch,,12278888.888888888,1004.4444444444445,14.286777777777777,13467162.666666666,124.66666666666667,,7.522222222222221,149781.88888888888,79.06174845877193,9
David Mackenzie,,7200000.0,1238.0,10.279,1280320.5,94.0,,6.7,12782.5,0.1991025625,2
David Moreton,,1500000.0,4927.0,13.134,870751.0,104.0,,6.8,5850.0,0.5805006666666667,1
David O. Russell,,14500000.0,1836.5,11.4785,7351219.0,99.0,,6.65,40104.5,1.050174142857143,2
David R. Ellis,,33000000.0,326.0,16.827,62022014.0,105.0,,5.4,132887.0,1.8794549696969698,1
David Silverman,,75000000.0,35.0,67.205,527068851.0,87.0,,7.3,309937.0,7.02758468,1
David Slade,,15475000.0,3582.5,19.8385,41264091.0,108.0,91660.0,6.85,159841.0,4.9543323570175435,2
David Twohy,,64000000.0,2788.0,11.517,84480196.0,113.5,2794.0,6.9,220604.0,1.7075521850931676,2
David Wain,,5000000.0,2171.0,10.944,295206.0,97.0,,6.6,54410.0,0.0590412,1
David Yates,,200000000.0,721.0,112.9085,936085967.5,145.5,1241.0,7.55,497002.5,4.995294187333333,2
David Zucker,,35666666.666666664,3781.0,26.381333333333334,132978612.33333333,83.33333333333333,4246.0,5.1,93526.66666666667,2.8529167476851853,3
Davis Guggenheim,,1000000.0,1781.0,12.881,46243000.0,100.0,539554.0,7.4,80505.0,46.243,1
Dean Parisot,,45000000.0,926.0,11.674,90683916.0,101.0,,7.3,150614.0,2.0151981333333335,1
Dennis Dugan,,85000000.0,3563.0,20.468,187134117.0,115.0,,5.9,141459.0,2.2015778470588234,1
Dennis Hopper,,360000.0,624.0,12.697,0.0,95.0,,7.3,100641.0,0.0,1
Dick Maas,,98003.0,2093.0,7.145,0.0,105.0,,6.6,7420.0,0.0,1
Dick Richards,,2500000.0,1835.0,6.233,2000000.0,95.0,515268.0,7.1,6838.0,0.8,1
Don Bluth,,9000000.0,4978.0,14.207,84542002.0,80.0,8783.0,6.9,49079.0,9.393555777777777,1
Don Siegel,,4000000.0,984.0,16.606,35976000.0,102.0,10456.0,7.7,144093.0,8.994,1
Don Taylor,,2500000.0,1687.0,18.46,12348905.0,98.0,1709.0,6.3,32272.0,4.939562,1
Donald Petrie,,45000000.0,1493.0,22.063,212000000.0,111.0,93220.0,6.3,189228.0,4.711111111111111,1
Donna Deitch,,350000.0,294.0,8.521,2400000.0,91.0,,7.0,5301.0,6.857142857142857,1
Doug Liman,,85000000.0,1644.0,24.978499999999997,346120872.0,119.5,31562.0,7.2,481880.5,3.9572890787878787,2
Douglas McGrath,,6000000.0,3573.0,14.289,22231658.0,121.0,,6.6,36220.0,3.7052763333333334,1
Douglas Trumbull,,1000000.0,811.0,12.505,0.0,89.0,,6.7,26881.0,0.0,1
Duncan Tucker,,1000000.0,546.0,8.529,13350369.0,103.0,,7.4,40323.0,13.350369,1
Dusan Makavejev,,520000.0,1559.0,8.758,0.0,99.0,,6.2,5458.0,0.0,1
E. Elias Merhige,,33000.0,1483.0,12.43,0.0,72.0,476066.0,5.8,9958.0,0.0,1
Edgar Wright,,8000000.0,2692.5,23.016,55453079.5,110.0,,7.85,490363.5,7.148788708333333,2
Edward Norton,,30000000.0,4967.0,11.914,59945183.0,127.0,,6.3,49922.0,1.9981727666666667,1
Edward Zwick,,90000000.0,2154.6666666666665,25.148,263039420.66666666,143.33333333333334,,7.766666666666666,351621.3333333333,3.4447991877777775,3
Eli Roth,,7500000.0,1690.5,34.036500000000004,58854004.5,93.5,86578.0,5.7,128085.5,10.290946727941177,2
Elia Kazan,,903333.6666666666,525.3333333333334,11.943,5866668.333333333,116.0,,8.0,94475.0,6.664631664631664,3
Emile Ardolino,,18500000.0,1046.5,19.289,222749472.5,100.0,94815.5,6.7,147117.5,21.560049852150538,2
Eric Steel,,25000.0,1666.0,10.385,179780.0,93.0,,7.2,11068.0,7.1912,1
Erich von Stroheim,,546883.0,1405.0,9.919,0.0,140.0,,8.1,9125.0,0.0,1
Erle C. Kenton,,277000.0,3088.5,8.0245,0.0,69.0,218406.0,6.25,5873.0,0.0,2
Ernie Barbarash,,825000.0,438.0,16.116,0.0,97.0,432.0,5.7,37064.0,0.0,1
Ernst Lubitsch,,1365000.0,1859.0,12.038,2279000.0,110.0,,7.9,19143.0,1.6695970695970697,1
Eytan Fox,,1400000.0,26.0,3.549,0.0,103.0,,7.3,6548.0,0.0,1
F. Gary Gray,,53000000.0,4551.0,15.141,95226116.0,118.0,91698.0,5.7,67344.0,1.7967191698113207,1
Fatih Akin,,2150000.0,1210.5,4.224,8902282.5,107.5,,7.55,17569.5,2.3427059210526315,2
Fernando Meirelles,,25000000.0,1985.0,10.543,82466670.0,129.0,,7.4,133319.0,3.2986668,1
Florent-Emilio Siri,,52000000.0,2026.0,15.467,77944725.0,113.0,,6.6,107014.0,1.4989370192307692,1
Florian Baxmeyer,,11000000.0,4407.0,5.761,0.0,91.0,10460.0,5.6,1246.0,0.0,1
Florian Henckel von Donnersmarck,,2000000.0,582.0,14.65,70000000.0,137.0,,8.4,361335.0,35.0,1
Francis Ford Coppola,,23012500.0,493.375,21.047874999999998,87621665.125,139.75,230.0,7.8625,496340.125,7.8575098441488445,8
Francis Lawrence,,100000000.0,561.0,48.796,230884728.0,121.0,,7.0,308922.0,2.30884728,1
Franco Zeffirelli,,3000000.0,2587.0,4.293,0.0,135.0,,7.2,4195.0,0.0,1
Frank Capra,,2170862.5,1967.3333333333333,12.949333333333334,4790687.333333333,125.0,,7.95,115769.0,4.167172528902458,6
Frank Darabont,,42500000.0,387.5,45.492999999999995,157571421.5,165.5,,8.95,1759345.5,2.95684083,2
Frank Oz,,9.0,2196.0,13.214,8.0,90.0,,7.4,110193.0,0.8888888888888888,1
Franklin J. Schaffner,,5800000.0,871.0,18.358,32589624.0,112.0,1709.0,8.0,165839.0,5.618900689655172,1
François Ozon,,7900000.0,1130.0,9.9365,11220661.5,106.5,,6.9,36111.5,1.4385463461538461,2
François Truffaut,,979400.0,1897.2,8.221,4261200.0,109.8,185682.0,7.42,17799.0,4.856447791164658,5
Fred M. Wilcox,,1900000.0,830.0,16.918,3250000.0,98.0,,7.6,45459.0,1.7105263157894737,1
Fred Zinnemann,,2315000.0,581.0,10.234,18175000.0,102.5,,7.800000000000001,64628.0,9.114067439409904,2
Fritz Lang,,1300000.0,19.0,17.671,650422.0,149.0,,8.3,161116.0,0.5003246153846154,1
Gabor Csupo,,60000000.0,1265.0,28.119,137587063.0,96.0,,7.1,144003.0,2.2931177166666665,1
Gabriele Muccino,,55000000.0,1402.0,21.547,307077295.0,117.0,,8.0,452436.0,5.583223545454546,1
Garry Marshall,,40750000.0,3325.75,18.6935,211237413.75,118.0,,6.35,112639.75,9.817979164729064,4
Gary Fleder,,24000000.0,2682.5,12.523,4612043.0,109.0,,6.5,24429.5,0.141789375,2
Gary Ross,,87000000.0,4464.0,13.175,148336445.0,141.0,,7.3,67142.0,1.7050166091954022,1
Gary Sinyor,,51000000.0,2020.0,12.218,36911617.0,101.0,,5.1,16616.0,0.7237571960784314,1
Gavin Grazer,,7000000.0,4613.0,9.544,0.0,95.0,,6.0,6294.0,0.0,1
Gavin Hood,,76500000.0,1474.0,5.872,191471417.5,100.5,453993.0,6.9,248749.5,2.8902047133333335,2
Geoff Murphy,,60000000.0,3512.0,14.68,104324083.0,100.0,112399.0,5.5,44076.0,1.7387347166666667,1
George A. Romero,,650000.0,923.0,14.255,55000000.0,127.0,261590.0,7.9,111913.0,84.61538461538461,1
George Clooney,,31666666.666666668,4381.666666666667,12.392333333333333,42971099.0,106.66666666666667,,6.8,69845.66666666667,3.2041734578544063,3
George Cukor,,5019770.0,3111.0,9.402,4335968.0,176.0,,7.6,16057.0,0.8637782209145041,1
George Gallo,,3250000.0,2324.0,6.45,32788.0,107.0,,6.9,1473.0,0.010088615384615385,1
George Lucas,,60092333.333333336,1194.5,33.481833333333334,556925148.8333334,122.5,24998.0,7.2,578298.3333333334,45.79644180590676,6
George P. Cosmatos,,44000000.0,1369.0,42.961,300400432.0,96.0,5039.0,6.5,155528.0,6.827282545454546,1
George Pal,,750000.0,2134.0,10.01,0.0,103.0,,7.6,36362.0,0.0,1
George Roy Hill,,6000000.0,642.0,14.944,102308889.0,111.0,625812.0,8.0,202633.0,17.0514815,1
George Stevens,,3833333.3333333335,2466.0,12.17,18333333.333333332,166.33333333333334,,7.533333333333334,27859.666666666668,4.311031461569097,3
Georges Méliès,,6742.5,1869.0,8.190999999999999,0.0,17.0,,7.8999999999999995,23877.0,0.0,2
Gianfranco De Bosio,,6000000.0,2526.0,6.057,0.0,141.0,,6.1,470.0,0.0,1
Gil Junger,,16000000.0,4951.0,25.49,53478166.0,97.0,,7.3,300298.0,3.342385375,1
Gilles Bourdos,,15400000.0,1782.0,11.226,0.0,107.0,,5.8,3740.0,0.0,1
Gillies MacKinnon,,12000000.0,3631.0,4.767,875898.0,101.0,,6.0,1803.0,0.0729915,1
Gordon Parks,,2989000.0,487.5,6.8915,11060809.0,102.0,495.0,6.35,9804.5,4.043008114509606,2
Gore Verbinski,,172000000.0,232.5,55.3795,732754992.25,144.5,3862.0,7.375,649689.0,4.6012633577083335,4
Graeme Clifford,,10000000.0,1380.0,6.737,2777280.0,109.0,,6.3,7169.0,0.277728,1
Gregory Hoblit,,30000000.0,1592.0,16.085,102616183.0,129.0,,7.7,191271.0,3.4205394333333334,1
Gregory Nava,,21000000.0,4351.0,13.872,0.0,112.0,,6.1,10189.0,0.0,1
Guillermo del Toro,,29875000.0,2324.5,25.563250000000004,53659942.0,113.25,13978.0,7.1,259471.0,2.049718952219564,4
Gurinder Chadha,,3500159.0,455.0,12.828,76578641.0,112.0,,6.6,104703.0,21.878617799934233,1
Gus Van Sant,,10565312.5,858.375,13.45575,43551302.875,103.875,,7.0875,148492.5,4.1636009356589145,8
Guy Hamilton,,5925000.0,568.5,21.91025,125062611.25,119.0,645.0,6.9750000000000005,116735.0,25.7790568359127,4
Guy Manos,,9.0,2089.0,2.247,37.0,104.0,,5.3,1581.0,4.111111111111111,1
Guy Ritchie,,5675000.0,103.5,13.603000000000002,55957030.0,104.5,,8.25,662623.0,14.680185451851852,2
Gérard Krawczyk,,14450000.0,2277.75,13.95025,48755552.25,87.25,211721.0,6.15,39120.75,3.5929526973727426,4
Gérard Pirès,,8700000.0,2330.0,18.153,44500000.0,86.0,211721.0,7.0,77229.0,5.114942528735632,1
Hal Ashby,,1200000.0,343.0,10.023,0.0,91.0,,7.9,71254.0,0.0,1
Hans Weingartner,,2500000.0,1912.0,4.389,0.0,129.0,,6.7,4485.0,0.0,1
Harold Ramis,,31300000.0,886.5,21.447499999999998,80645090.5,97.0,,7.0,339951.5,3.369812743150685,2
Hayao Miyazaki,,17625000.0,1318.25,38.1625,168422666.75,123.75,,8.325,374046.0,8.405557737452416,4
Henry Bean,,1500000.0,4012.0,13.484,416925.0,98.0,,7.2,36845.0,0.27795,1
Henry Levin,,3500000.0,4868.0,7.007,0.0,127.0,,5.9,1979.0,0.0,1
Herbert Ross,,8200000.0,1788.0,11.299,80035402.0,107.0,,6.6,70860.0,9.760414878048781,1
Hideo Nakata,,1200000.0,2671.0,12.864,8690429.0,96.0,93369.0,7.2,64215.0,7.242024166666667,1
Howard Deutch,,32000000.0,2369.5,12.3635,34805505.5,94.5,103577.0,6.1,47282.5,1.2322645541666666,2
Howard Hawks,,1073000.0,900.0,9.993,0.0,102.0,,7.8,55585.0,0.0,1
Howard W. Koch,,110000.0,3164.0,4.402,0.0,83.0,,4.9,964.0,0.0,1
Howard Zieff,,17000000.0,4032.0,19.876,59489799.0,103.0,85960.0,6.9,72977.0,3.4993999411764705,1
Hugh Johnson,,70000000.0,2162.0,8.052,11263966.0,101.0,,5.3,9262.0,0.1609138,1
Hugh Wilson,,26000000.0,2925.0,13.535,116400000.0,102.0,,6.4,44060.0,4.476923076923077,1
Iain Softley,,54000000.0,1238.0,22.2035,56559160.0,113.0,,6.75,124739.0,1.047475875,2
Ingo J. Biermann,,4500.0,2820.0,1.253,0.0,42.0,,6.4,235.0,0.0,1
Irvin Kershner,,18000000.0,1891.0,29.584,538400000.0,124.0,10.0,8.7,1166780.0,29.91111111111111,1
Irwin Allen,,1580000.0,2160.0,9.156,7000000.0,105.0,,6.1,5471.0,4.430379746835443,1
Irwin Winkler,,22000000.0,1642.0,10.981,110627965.0,114.0,328073.0,6.0,61106.0,5.028543863636363,1
Isabel Coixet,,5000000.0,148.0,8.575,0.0,112.0,,7.5,11994.0,0.0,1
Ishirô Honda,,900000.0,1678.0,14.229,2250000.0,96.0,374509.0,7.6,29644.0,2.5,1
Ivan Reitman,,27333333.333333332,1516.3333333333333,18.027666666666665,237925966.33333334,108.66666666666667,134468.0,6.866666666666667,226308.0,9.722058124024024,3
J. Lee Thompson,,1700000.0,1696.5,13.639,9272297.5,90.5,1709.0,5.85,29569.5,5.454292647058823,2
J.B. Rogers,,30000000.0,2770.0,45.575,287553595.0,108.0,2806.0,6.4,241063.0,9.585119833333334,1
J.J. Abrams,,150000000.0,956.0,32.68,397850012.0,126.0,87359.0,6.9,332038.0,2.6523334133333334,1
Jack Clayton,,800000.0,2516.0,3.706,0.0,100.0,,7.3,1779.0,0.0,1
Jacques Audiard,,6400000.0,1553.0,8.118,9293785.0,107.0,,7.3,18900.0,1.45215390625,1
James Bridges,,5900000.0,988.0,11.978,51718367.0,122.0,,7.4,27393.0,8.765824915254237,1
James Cameron,,79380000.0,906.0,39.65059999999999,611830339.4,143.0,3049.0,8.02,735404.8,7.895114437793626,5
James Cox,,5000000.0,4997.0,15.558,2466444.0,104.0,,6.6,21339.0,0.4932888,1
James Gray,,21000000.0,2001.0,16.911,54926886.0,117.0,,6.8,85312.0,2.615566,1
James Ivory,,11500000.0,1245.0,9.92,23237911.0,134.0,,7.8,66759.0,2.0206879130434783,1
James L. Brooks,,65000000.0,2718.5,14.0955,184609689.0,134.5,,7.050000000000001,178422.5,3.4857886537500002,2
James Mangold,,27750000.0,2150.25,15.07075,92477702.75,114.25,,7.325,179122.5,3.520413496130952,4
James McTeigue,,54000000.0,752.0,26.645,132511035.0,132.0,,8.2,1038506.0,2.4539080555555555,1
James Orr,,20000000.0,2612.0,9.377,15379253.0,110.0,,6.4,11620.0,0.76896265,1
James Wan,,1200000.0,176.0,52.542,103911669.0,103.0,656.0,7.6,380932.0,86.5930575,1
James Whale,,342375.0,1632.0,13.0895,7000000.0,73.0,218406.0,7.8,54738.0,23.15823924071347,2
James Yukich,,3500000.0,2436.0,13.062,2341309.0,89.0,,3.8,11325.0,0.6689454285714286,1
Jan Sverák,,1031764.0,784.0,12.533,7566841.0,105.0,,7.8,14706.0,7.333887400607115,1
Jan de Bont,,94250000.0,1484.0,19.839499999999997,292381739.25,116.75,29531.666666666668,5.775,178589.25,4.942431423128814,4
Jane Campion,,7000000.0,713.0,11.114,116700000.0,116.0,,7.6,79471.0,16.67142857142857,1
Jay Roach,,49500000.0,948.2,19.2198,304688652.4,101.2,21207.2,6.619999999999999,240559.6,6.146408578091631,5
Jean Renoir,,8847685.0,776.0,12.253,0.0,106.0,,8.0,26874.0,0.0,1
Jean-Claude Lord,,4210000.0,3201.0,3.332,0.0,93.0,,5.0,796.0,0.0,1
Jean-Jacques Annaud,,46375000.0,1356.25,32.7405,93647335.5,116.0,,7.5249999999999995,94703.25,3.019793886902443,4
Jean-Luc Godard,,421333.3333333333,1559.3333333333333,10.711333333333334,184315.0,99.0,,7.733333333333333,29150.0,0.3234067824074074,3
Jean-Pierre Jeunet,,28500000.0,1517.5,14.761,86960977.0,127.5,,7.95,389323.0,8.6960977,2
Jean-Pierre Roux,,10000000.0,4968.0,8.001,0.0,91.0,,4.5,800.0,0.0,1
Jeannot Szwarc,,20000000.0,579.0,14.287,187884007.0,116.0,2366.0,5.8,71074.0,9.39420035,1
Jee-woon Kim,,15050245.0,4552.0,32.23,0.0,115.0,,7.2,57074.0,0.0,1
Jeff Stanzler,,200000.0,4913.0,7.49,0.0,83.0,,6.2,1410.0,0.0,1
Jeremy Leven,,25000000.0,1909.0,13.894,22200000.0,97.0,,6.7,48413.0,0.888,1
Jerry Zucker,,22000000.0,251.0,21.26,505000000.0,127.0,,7.1,198929.0,22.954545454545453,1
Jez Butterworth,,13000000.0,2084.0,13.626,0.0,93.0,,6.1,24547.0,0.0,1
Jim Fall,,450000.0,1812.0,7.397,2049595.0,89.0,,7.2,8255.0,4.554655555555556,1
Jim Gillespie,,17000000.0,3597.0,20.976,125586134.0,100.0,3601.0,5.7,134292.0,7.387419647058824,1
Jim Jarmusch,,6125000.0,1596.25,11.87275,40484075.25,117.75,,7.525,82603.25,5.370332036904761,4
Joachim Masannek,,5833536.0,1264.0,5.485,18873863.0,110.0,11173.0,3.5,702.0,3.235406964146617,1
Joe Dante,,19000000.0,1770.5,16.895,89488456.0,113.0,89151.0,7.05,127750.5,7.437837818181818,2
Joe Johnston,,111000000.0,1375.0,24.743,282484677.6666667,117.33333333333333,65811.5,6.5,373894.6666666667,2.5644488333845366,3
Joe Pytka,,80000000.0,2300.0,31.668,250200000.0,88.0,722961.0,6.5,164192.0,3.1275,1
Joe Wright,,29000000.0,4347.5,26.8035,126082285.5,125.0,,7.8,257621.0,4.3469665964285715,2
Joel Schumacher,,51562500.0,1764.375,20.690875,132761919.125,113.125,116888.0,6.2,162613.0,3.2859359418856657,8
John Badham,,19033872.6,2446.4,11.448200000000002,59175217.8,102.6,118805.0,6.339999999999999,49656.0,3.854941988533061,5
John Blanchard,,5000000.0,4226.0,14.951,0.0,86.0,,4.0,10454.0,0.0,1
John Boorman,,22000000.0,2224.0,8.2945,21354231.0,104.5,,6.35,16439.0,0.9864333602484472,2
John Cameron Mitchell,,2000000.0,1378.0,16.398,5179037.0,101.0,,6.4,32143.0,2.5895185,1
John Carpenter,,10055000.0,1526.142857142857,17.07628571428571,16365350.57142857,95.0,229029.0,7.042857142857144,129738.42857142857,4.648343451190477,7
John Cassavetes,,275000.0,753.0,8.711,0.0,130.0,,7.6,9649.0,0.0,1
John Dahl,,18000000.0,2045.0,6.741,0.0,106.0,,6.0,4951.0,0.0,1
John De Bello,,90000.0,2182.0,9.321,0.0,87.0,47983.0,4.7,12674.0,0.0,1
John Ford,,1677124.6666666667,1568.3333333333333,12.668333333333331,367919.0,114.66666666666667,,7.900000000000001,70272.66666666667,0.6923917993729464,3
John Frankenheimer,,22100000.0,1568.5,10.568,19934485.0,125.0,,6.85,54581.5,2.132963928571429,2
John G. Avildsen,,17000000.0,1542.0,26.894333333333332,109419593.66666667,116.66666666666667,3910.0,6.8999999999999995,283339.6666666667,43.82522405555556,3
John Glen,,31500000.0,704.6,18.613,176518734.8,130.4,645.0,6.6,92825.4,5.7068875352435064,5
John Guillermin,,5031000.0,2343.0,7.903499999999999,8009042.0,126.0,376743.5,6.6,15767.0,1.2595333566760036,2
John Herzfeld,,60000000.0,2749.0,16.396,56359980.0,120.0,,6.1,48569.0,0.939333,1
John Hughes,,8000000.0,2362.0,14.302999999999999,65391854.5,99.0,,7.4,222749.5,28.404536766666666,2
John Huston,,5945833.333333333,1932.6666666666667,15.051166666666665,1023099.8333333334,123.83333333333333,,7.466666666666666,65522.5,0.9845433559941522,6
John Irvin,,8500000.0,2099.0,16.556,16209459.0,106.0,,5.6,31107.0,1.9069951764705881,1
John Korty,,3000000.0,1884.0,17.851,0.0,96.0,133830.0,5.5,9733.0,0.0,1
John Landis,,25500000.0,816.5,16.5895,89204232.0,112.75,69292.33333333333,7.125,123224.0,3.9690662625925928,4
John Lasseter,,30000000.0,862.0,109.534,373554033.0,81.0,10194.0,8.3,893861.0,12.4518011,1
John Madden,,41000000.0,1828.0,17.5855,175715344.5,127.0,,6.5,123981.5,6.331205836140351,2
John McNaughton,,20000000.0,617.0,17.995,67200000.0,108.0,33059.0,6.5,109383.0,3.36,1
John McTiernan,,42200000.0,964.4,25.650599999999997,185991000.8,122.8,49007.75,7.6,361117.2,4.983967971944445,5
John Milius,,17000000.0,1880.0,14.429,38376497.0,114.0,,6.4,51436.0,2.257441,1
John Moore,,25000000.0,806.0,24.008,119188334.0,110.0,,5.5,56429.0,4.76753336,1
John Patrick Shanley,,25000000.0,2565.0,11.158,39404261.0,102.0,,5.8,34738.0,1.57617044,1
John Schlesinger,,14300000.0,2473.5,13.455,34573912.5,110.5,,6.25,56258.0,6.70740169,2
John Singleton,,42833333.333333336,571.0,15.308666666666667,133683742.66666667,106.0,308794.0,6.533333333333334,151156.0,4.7623385389162705,3
John Stephenson,,23000000.0,815.0,8.539,0.0,91.0,,6.0,5726.0,0.0,1
John Sturges,,2000000.0,966.0,12.411,4905000.0,128.0,110021.0,7.7,88118.0,2.4525,1
John Waters,,12000.0,692.0,8.164,6000000.0,92.0,,6.1,22126.0,500.0,1
John Woo,,74333333.33333333,1242.6666666666667,24.698666666666668,288751309.3333333,119.33333333333333,250019.5,6.5,237617.0,3.854568462407407,3
Johnnie To,,225000.0,2463.0,7.377,0.0,93.0,206072.0,7.4,5389.0,0.0,1
Jon Amiel,,66000000.0,1844.0,12.241,212404396.0,112.0,,6.3,108208.0,3.2182484242424243,1
Jon Avnet,,20500000.0,2561.0,13.520499999999998,76005943.0,119.0,,6.800000000000001,70777.0,5.9713367651515155,2
Jon Favreau,,140000000.0,1726.0,91.439,585174222.0,126.0,131292.0,7.9,946414.0,4.179815871428572,1
Jon Turteltaub,,49000000.0,2307.75,14.391250000000001,188531399.25,109.0,52984.0,6.675000000000001,133237.5,6.5794571876147385,4
Jonathan Caouette,,218.0,1435.0,7.328,1162014.0,91.0,,7.1,6401.0,5330.339449541284,1
Jonathan Demme,,14500000.0,1297.5,11.6125,147114839.5,111.5,9743.0,7.4,648959.0,8.251783165789472,2
Jonathan Frakes,,58000000.0,199.5,15.964500000000001,134000000.0,107.0,115570.0,7.0,94782.0,2.4732919254658383,2
Jonathan Lynn,,41300000.0,2069.0,16.946,106371651.0,98.0,103577.0,6.7,110587.0,2.575584769975787,1
Jonathan Mostow,,99333333.33333333,1998.3333333333333,20.06533333333333,204275186.33333334,106.66666666666667,528.0,6.599999999999999,168846.66666666666,1.8758150937873357,3
Josef Rusnak,,16000000.0,1090.0,15.955,18564088.0,101.0,,7.1,67472.0,1.1602555,1
Joseph L. Mankiewicz,,3450000.0,2765.0,11.312999999999999,75219.0,144.5,,7.6499999999999995,68592.5,0.05372785714285714,2
Joseph Losey,,2500000.0,4702.0,4.191,0.0,103.0,,5.8,1616.0,0.0,1
Joseph Sargent,,16500000.0,1640.5,13.5885,25940506.5,132.0,2366.0,5.1,21404.0,1.1278481086956522,2
Joshua Marston,,3000000.0,436.0,10.401,12450821.0,101.0,,7.4,34057.0,4.150273666666667,1
Juan Carlos Fresnadillo,,15000000.0,1562.0,26.484,65048678.0,100.0,1565.0,7.0,259588.0,4.336578533333333,1
Judd Apatow,,30000000.0,4964.0,18.217,219076518.0,129.0,779062.0,6.9,352056.0,7.3025506,1
Jules Dassin,,200000.0,934.0,19.846,460000.0,118.0,,8.1,29397.0,2.3,1
Julian Jarrold,,16500000.0,2977.0,14.768,37311672.0,120.0,,7.0,58538.0,2.2613134545454545,1
Julian Schnabel,,2962051.0,549.0,7.246,3011195.0,108.0,,6.9,19628.0,1.016591206565991,1
Julie Taymor,,28500000.0,3024.0,13.931999999999999,42962117.5,128.0,,7.35,94088.0,2.6749448722222224,2
Julien Temple,,10000000.0,2210.0,10.409,3916303.0,100.0,,5.4,20468.0,0.3916303,1
Julio Medem,,6500000.0,2588.0,3.393,0.0,119.0,,6.4,4457.0,0.0,1
Kar-Wai Wong,,7383333.333333333,1225.3333333333333,14.127333333333333,17971001.0,107.33333333333333,,7.366666666666667,76466.66666666667,29.82810104444444,3
Kari Skogland,,11000000.0,2165.0,9.462,0.0,96.0,,5.7,7324.0,0.0,1
Kathryn Bigelow,,33000000.0,685.0,15.132000000000001,45745624.5,133.5,,7.25,113943.5,1.8350025892857142,2
Katsuhiro Ôtomo,,10000000.0,149.0,44.882,0.0,124.0,,8.0,166255.0,0.0,1
Keenen Ivory Wayans,,32000000.0,4247.5,43.411500000000004,209620224.5,85.5,4246.0,5.75,191794.0,8.885428407602339,2
Ken Annakin,,7000000.0,4201.0,4.978,0.0,116.0,,5.3,656.0,0.0,1
Ken Kwapis,,35000000.0,2959.0,11.527,69307224.0,91.0,,5.3,38099.0,1.9802064,1
Ken Loach,,6500000.0,1116.0,10.282,22889018.0,127.0,,7.5,46961.0,3.5213873846153847,1
Kenneth Branagh,,45000000.0,3036.0,15.263,112006296.0,123.0,,6.4,51821.0,2.4890288,1
Kevin Costner,,22000000.0,1318.0,14.892999999999999,246252570.5,160.0,,7.7,154568.0,11.193298659090908,2
Kevin Lima,,85000000.0,4523.0,30.781,340487652.0,107.0,531799.0,7.0,177653.0,4.005737082352941,1
Kevin Macdonald,,6000000.0,1523.0,12.197,48027970.0,123.0,,7.7,176219.0,8.004661666666667,1
Kevin Munroe,,34000000.0,1273.0,18.138,95608995.0,87.0,,6.2,61517.0,2.8120292647058824,1
Kevin Smith,,7212833.333333333,2210.1666666666665,12.508666666666668,18104065.0,105.16666666666667,454841.25,7.233333333333332,158066.33333333334,29.187692730864196,6
Ki-duk Kim,,975000.0,1621.0,9.2575,1180282.5,92.5,,7.1,11948.0,1.2337668157894737,2
Kimberly Peirce,,2000000.0,226.0,12.237,11540607.0,118.0,,7.5,92715.0,5.7703035,1
Kinji Fukasaku,,4500000.0,3176.0,12.901,25000000.0,114.0,16302.0,7.6,169819.0,5.555555555555555,1
Larry Charles,,18000000.0,496.0,16.882,262552893.0,84.0,747168.0,7.3,380349.0,14.586271833333333,1
Lars von Trier,,9875000.0,743.0,11.63325,14348717.0,143.75,1952.0,7.525,73526.75,1.2114993958736795,4
Lasse Hallström,,22500000.0,1410.25,14.541250000000002,67424121.0,118.25,,7.35,129439.25,2.830517891363636,4
Lee Tamahori,,65000000.0,1890.5,15.447500000000002,90622701.0,100.0,142680.0,6.300000000000001,114053.0,1.4198225869047618,2
Len Wiseman,,60666666.666666664,894.0,38.21333333333333,196905478.0,118.66666666666667,2074.0,6.933333333333333,278278.3333333333,3.3555214472727273,3
Leonard Nimoy,,21000000.0,162.5,13.3515,110000000.0,112.0,151.0,7.0,77300.5,5.1875,2
Leos Carax,,28000000.0,2767.0,7.658,0.0,125.0,,7.6,12603.0,0.0,1
Leslie H. Martinson,,1377800.0,2661.0,12.777,3900000.0,105.0,,6.5,29881.0,2.8305995064595733,1
Lewis Gilbert,,19166666.666666668,685.3333333333334,22.56233333333333,169110519.66666666,122.66666666666667,645.0,6.766666666666667,97041.33333333333,10.392306292053664,3
Lewis Milestone,,724433.0,221.0,12.4435,1635006.0,130.0,,7.3,38835.0,4.1284703050113745,2
Liam Lynch,,22000000.0,2179.0,18.029,13405595.0,93.0,,6.8,102237.0,0.6093452272727272,1
Liev Schreiber,,7000000.0,340.0,9.823,2697930.0,106.0,,7.4,56843.0,0.38541857142857144,1
Lloyd Bacon,,439000.0,3062.0,8.062,2281000.0,89.0,,7.4,10842.0,5.195899772209567,1
Lodge Kerrigan,,68000.0,1479.0,6.958,0.0,79.0,,7.1,5217.0,0.0,1
Louis Leterrier,,150000000.0,1724.0,54.007,163712074.0,114.0,,6.7,437262.0,1.0914138266666666,1
Luc Besson,,40130169.666666664,98.0,29.11066666666667,103068384.66666667,135.0,,7.933333333333333,509409.6666666667,1.9209191064814817,3
Luc Jacquet,,3300000.0,1667.0,7.537,127392239.0,80.0,513585.0,7.5,56091.0,38.60370878787879,1
Luis Buñuel,,800000.0,4593.0,12.023,0.0,101.0,,7.9,39119.0,0.0,1
Luis Llosa,,45000000.0,2636.0,37.068,170362582.0,110.0,,5.6,62622.0,3.7858351555555556,1
M. Night Shyamalan,,56000000.0,1710.0,22.723,540527104.5,106.5,,7.4,627362.5,11.245133629166668,2
Marc Evans,,12000000.0,313.0,10.688,1381665.0,112.0,,7.5,12276.0,0.11513875,1
Marc Forster,,19666666.666666668,1164.3333333333333,14.924666666666667,71776422.0,110.66666666666667,,7.366666666666667,167382.0,5.895491513333333,3
Marc Lawrence,,60000000.0,2642.0,16.149,199043242.0,101.0,,6.2,108342.0,3.3173873666666664,1
Marc Meyer,,350000.0,270.0,0.6,0.0,98.0,,7.2,90.0,0.0,1
Marco Kreuzpaintner,,7566666.666666667,3046.3333333333335,10.319999999999999,695055.3333333334,112.66666666666667,,6.866666666666667,12140.0,0.2574279012345679,3
Marco S. Puccioni,,130000.0,3984.0,1.4,0.0,100.0,,6.1,438.0,0.0,1
Marcus Mittermeier,,40000.0,4896.0,2.791,0.0,85.0,,7.3,2628.0,0.0,1
Marcus Nispel,,45000000.0,1534.0,15.322,30822861.0,99.0,,5.4,42779.0,0.6849524666666666,1
Mario Bava,,400000.0,2994.0,5.741,0.0,100.0,,6.5,5939.0,0.0,1
Marion Hänsel,,5000000.0,2197.0,1.326,0.0,96.0,,7.2,508.0,0.0,1
Mark Christopher,,13000000.0,3682.0,11.858,16757163.0,106.0,,5.9,31586.0,1.2890125384615385,1
Mark L. Lester,,12000000.0,2620.0,8.982,15945534.0,88.0,,5.7,10719.0,1.3287945,1
Mark Pellington,,26750000.0,1855.0,14.041,27652639.5,118.0,,6.800000000000001,79202.0,0.864144984375,2
Mark Robson,,5000000.0,3055.0,8.622,50000000.0,123.0,,6.1,7544.0,10.0,1
Mark Sandrich,,609000.0,3080.0,10.127,3202000.0,101.0,,7.7,17574.0,5.257799671592775,1
Mark Steven Johnson,,110000000.0,1250.0,27.264,228738393.0,114.0,90306.0,5.3,224488.0,2.079439936363636,1
Marleen Gorris,,7950000.0,2736.0,5.7490000000000006,0.0,99.5,,6.75,6121.5,0.0,2
Martin Brest,,52000000.0,193.5,22.842,229650289.0,141.5,85861.0,7.25,190951.5,12.092700166666665,2
Martin Campbell,,66500000.0,1183.0,21.002499999999998,247297049.5,129.5,1151.0,6.6,166787.0,3.9854892321839084,2
Martin Koolhoven,,850000.0,908.0,2.907,0.0,82.0,,6.0,3301.0,0.0,1
Martin Scorsese,,45180000.0,1215.7,19.723899999999997,110098345.3,140.4,,7.909999999999999,486509.7,4.557887334599956,10
Mary Harron,,7000000.0,1359.0,23.313,34266564.0,102.0,86105.0,7.6,496717.0,4.895223428571429,1
María Lidón,,4000000.0,2191.0,4.091,0.0,95.0,,5.4,2558.0,0.0,1
Mathieu Kassovitz,,21300000.0,2688.0,22.3795,78445662.0,98.0,,6.949999999999999,129443.0,4.712199242307692,2
Matthew Robbins,,18000000.0,848.0,12.685,14110013.0,108.0,,6.7,15205.0,0.7838896111111111,1
Matthew Vaughn,,38250000.0,3553.0,15.2825,73705120.0,116.0,,7.449999999999999,211704.0,1.8798408230769232,2
McG,,146000000.0,2430.5,30.586,317729273.0,106.5,43278.5,6.0,260815.0,2.363738725326087,2
Mel Brooks,,12750000.0,1995.5,13.18,62196408.0,101.0,,7.55,158446.5,16.245588510855885,2
Mel Gibson,,47333333.333333336,797.0,47.80133333333333,314184585.6666667,148.0,,7.766666666666667,490885.0,8.776557475,3
Mel Smith,,18000000.0,1281.0,16.423,251212670.0,89.0,103372.0,6.5,98313.0,13.956259444444445,1
Mel Stuart,,3000000.0,252.0,46.7,4000000.0,100.0,,7.8,179771.0,1.3333333333333333,1
Menahem Golan,,25000000.0,1825.0,16.277,16057580.0,93.0,,5.8,50656.0,0.6423032,1
Michael Apted,,34500000.0,1951.0,15.3835,79242502.0,113.0,,6.15,33793.5,2.402301291595925,2
Michael Bay,,139000000.0,1066.0,22.11225,468919863.75,153.5,8650.0,6.675,402299.25,3.2972695220238095,4
Michael Caton-Jones,,65000000.0,3958.5,22.026,98979879.0,119.0,86336.0,5.4,72356.5,1.6036771761904762,2
Michael Cristofer,,42000000.0,2057.0,13.226,35402320.0,118.0,,6.1,53943.0,0.842912380952381,1
Michael Curtiz,,1165500.0,1799.0,11.308,8050250.0,106.5,,8.25,274224.5,7.898267389596891,2
Michael Davis,,39000000.0,4141.0,14.754,26820641.0,86.0,,6.7,144615.0,0.6877087435897435,1
Michael Haneke,,5865524.0,1118.0,11.963000000000001,22900687.5,124.0,,7.4,65583.0,3.6951706826603177,2
Michael Lehmann,,10000000.0,2696.0,10.291,554231.0,98.5,,6.4,80095.0,0.18474366666666667,2
Michael Mann,,86666666.66666667,856.3333333333334,21.313333333333333,189665206.0,140.66666666666666,,7.233333333333333,351658.6666666667,2.5624864958214624,3
Michael Moore,,6032000.0,1824.0,10.3068,37220395.0,109.6,,7.339999999999999,76386.4,14.680206093434345,5
Michael Patrick King,,65000000.0,4564.0,30.266,415252786.0,145.0,50457.0,5.6,116501.0,6.3885044,1
Michael Pressman,,25000000.0,1497.0,18.045,78656813.0,88.0,1582.0,6.1,51856.0,3.14627252,1
Michael Tolkin,,1227401.0,1411.0,7.141,1277401.0,100.0,,6.2,4942.0,1.0407364830238854,1
Michael Winterbottom,,8166666.666666667,1530.6666666666667,14.433999999999997,6834498.0,86.33333333333333,,5.866666666666666,22801.333333333332,0.9192258125,3
Michel Gondry,,11000000.0,1204.8,12.8522,25140212.2,102.2,,7.12,220075.8,2.1806322600000003,5
Michelangelo Antonioni,,4400000.0,2025.0,9.496,500000.0,112.0,,7.3,35885.5,0.07142857142857142,2
Mick Jackson,,25000000.0,619.0,20.168,411006740.0,129.0,,6.3,120601.0,16.4402696,1
Mikael Håfström,,25000000.0,3021.0,19.336,132963417.0,104.0,,6.8,256310.0,5.31853668,1
Mike Binder,,20000000.0,2355.0,9.482,22222308.0,124.0,,7.4,93239.0,1.1111154,1
Mike Figgis,,3600000.0,451.0,14.143,49800000.0,111.0,,7.5,115145.0,13.833333333333334,1
Mike Hodges,,18407231.0,2544.5,14.903,13553980.0,111.5,,6.95,40213.5,0.38725657142857145,2
Mike Judge,,10000000.0,1542.0,12.328,10827810.0,89.0,,7.7,243164.0,1.082781,1
Mike Newell,,78000000.0,693.0,67.9445,575310934.0,137.0,1241.0,7.4,346784.0,24.21147278666667,2
Mike Nichols,,20833333.333333332,2069.6666666666665,13.679333333333332,84138450.33333333,116.33333333333333,,7.333333333333333,108594.0,4.153653947178131,3
Milos Forman,,34750000.0,1067.25,16.9395,57172279.75,135.25,,7.925000000000001,377152.0,10.089212602134147,4
Nancy Meyers,,77500000.0,2781.0,18.7735,284140203.5,131.5,,6.65,222932.0,3.8143953021008405,2
Neil Burger,,16500000.0,1491.0,17.921,87892388.0,110.0,,7.6,355881.0,5.326811393939394,1
Neil Jordan,,51666666.666666664,2270.3333333333335,15.554666666666668,103443742.33333333,125.66666666666667,217704.0,7.133333333333333,128142.33333333333,1.800136484126984,3
Nelson Shin,,6000000.0,1857.0,13.188,5849647.0,84.0,,7.3,37574.0,0.9749411666666666,1
Nicholas Meyer,,19500000.0,164.0,13.172,96850000.0,113.0,151.0,7.45,92052.5,5.8277777777777775,2
Nicholas Ray,,1500000.0,221.0,10.451,4500000.0,111.0,,7.7,83927.0,3.0,1
Nick Gomez,,38000.0,1482.0,6.315,0.0,100.0,,6.8,924.0,0.0,1
Nicolas Roeg,,1500000.0,961.0,11.127500000000001,0.0,124.0,,6.95,37312.5,0.0,2
Nigel Cole,,10000000.0,2360.0,8.218,26330482.0,93.0,,6.9,17658.0,2.6330482,1
Niki Caro,,8000000.0,1088.0,11.443,41400000.0,101.0,,7.5,39632.0,5.175,1
Nimród Antal,,20000000.0,4597.0,16.223,22942221.0,88.0,,5.7,29789.0,1.14711105,1
Noel Marshall,,17000000.0,2989.0,5.992,2000000.0,102.0,,6.2,3268.0,0.11764705882352941,1
Nora Ephron,,21000000.0,858.0,13.049,227799884.0,105.0,,6.8,161714.0,10.847613523809525,1
Norman Jewison,,18150000.0,2249.5,10.721,0.0,106.0,,6.2,14630.5,0.0,2
Oliver Hirschbiegel,,18339750.0,613.0,13.59,92180910.0,156.0,,8.2,333187.0,5.026290434711488,1
Oliver Stone,,52333333.333333336,1379.1666666666667,15.636000000000001,147627652.83333334,146.0,,7.016666666666667,180712.5,7.465571607684488,6
Orson Welles,,1192181.75,1561.75,11.696750000000002,6366375.0,104.0,,7.925000000000001,135176.5,7.590139993448643,4
Oskar Roehler,,6000000.0,86.0,5.715,0.0,105.0,,6.6,7860.0,0.0,1
Otto Preminger,,2005000.0,1128.5,10.352,9025000.0,144.0,,7.5249999999999995,30545.25,3.9370710784313725,4
P.J. Hogan,,3000000.0,236.0,9.946,15119639.0,106.0,,7.2,35738.0,5.039879666666667,1
Pat O'Connor,,40000000.0,1921.0,11.896,65754228.0,119.0,,6.7,86216.0,1.6438557,1
Patty Jenkins,,8000000.0,504.0,12.001,60378584.0,110.0,,7.3,137347.0,7.547323,1
Paul Flaherty,,19000000.0,2778.0,8.7,7411659.0,89.0,,5.6,6804.0,0.3900873157894737,1
Paul Greengrass,,72500000.0,2502.5,24.0375,365662177.5,111.5,31562.0,7.85,521582.0,5.086364337142857,2
Paul Haggis,,6500000.0,1640.0,32.696,98410061.0,112.0,,7.7,420916.0,15.140009384615384,1
Paul McGuigan,,27000000.0,186.0,20.204,56308881.0,110.0,,7.7,300276.0,2.0855141111111113,1
Paul Michael Glaser,,27000000.0,865.0,16.194,38122105.0,101.0,,6.7,142008.0,1.4119298148148147,1
Paul Schrader,,4800000.0,2768.0,9.422,22743674.0,117.0,,6.3,21869.0,4.738265416666667,1
Paul Thomas Anderson,,26000000.0,2664.5,13.4875,45776698.5,172.5,,7.95,266096.5,2.0914738945945945,2
Paul Verhoeven,,73000000.0,608.6666666666666,26.10366666666667,245153174.0,123.0,48429.0,7.233333333333333,251584.0,4.125764917983604,3
Paul W.S. Anderson,,51500000.0,985.5,24.723,140205976.0,100.5,66508.5,6.15,217261.0,2.827713054112554,2
Pedro Almodóvar,,6718040.75,1165.25,11.975249999999999,50225245.75,104.0,,7.6,69326.0,8.28716777991477,4
Peggy Ahwesh,,30.0,4229.0,0.6,0.0,7.0,,5.5,50.0,0.0,1
Penny Marshall,,18000000.0,2280.0,16.808,151927281.0,104.0,,7.3,200596.0,8.4404045,1
Peter Berg,,70000000.0,4349.0,15.015,86658558.0,110.0,,7.0,118230.0,1.2379794,1
Peter Bogdanovich,,4000000.0,4703.5,3.5995,750000.0,104.5,,5.6,1107.0,0.125,2
Peter Chelsom,,50000000.0,4380.0,16.619,170128460.0,107.0,,6.1,43894.0,3.4025692,1
Peter Greenaway,,10000000.0,3098.0,4.858,20683.333333333332,119.66666666666667,3292.0,6.8,693.0,0.002068333333333333,3
Peter Hedges,,300000.0,1550.0,13.382,0.0,81.0,,7.0,20283.0,0.0,1
Peter Hyams,,28000000.0,4437.0,11.283,40400657.0,116.0,4438.0,6.8,49822.0,1.442880607142857,1
Peter Jackson,,80166666.66666667,400.6666666666667,48.659333333333336,580366658.3333334,159.66666666666666,119.0,8.066666666666666,894438.0,6.067536079799321,6
Peter Kassovitz,,45000000.0,2290.0,12.132,4956701.0,120.0,,6.6,15110.0,0.11014891111111111,1
Peter MacDonald,,41500000.0,2441.5,24.8305,94507805.5,100.0,5039.0,5.65,72611.0,1.500123896825397,2
Peter Medak,,11500000.0,2088.0,13.329,3275585.0,100.0,,6.6,13148.0,0.2848334782608696,1
Peter R. Hunt,,6500000.0,668.0,14.985,81974493.0,142.0,645.0,6.7,82127.0,12.611460461538462,1
Peter Segal,,75000000.0,1824.0,22.318,196482882.0,99.0,,6.8,328947.0,2.61977176,1
Peter Thorwarth,,2888030.0,344.0,6.287,0.0,110.0,703277.0,7.6,9703.0,0.0,1
Peter Webber,,50000000.0,1248.0,5.261,82169884.0,121.0,9743.0,6.2,104340.0,1.64339768,1
Peter Weir,,16400000.0,207.0,25.256,235860116.0,128.0,,8.1,429972.0,14.381714390243902,1
Peter Yates,,16250000.0,882.5,15.033000000000001,29410166.5,115.0,,6.75,45985.0,4.151449835016836,2
Peyton Reed,,28000000.0,1588.0,16.862,90449929.0,98.0,430186.0,6.0,88082.0,3.230354607142857,1
Phil Alden Robinson,,68000000.0,4614.0,15.942,193921372.0,124.0,,6.4,105069.0,2.8517848823529413,1
Phil Morrison,,1000000.0,1444.0,14.054,0.0,106.0,,6.9,22208.0,0.0,1
Phillip Noyce,,27000000.0,995.0,11.367,61005118.0,104.5,,5.9,19632.0,1.6576870000000001,2
Pitof,,100000000.0,314.0,34.868,82102379.0,104.0,,3.4,111548.0,0.82102379,1
Predrag Antonijevic,,10000000.0,2042.0,8.727,0.0,103.0,,7.3,10390.0,0.0,1
Quentin Tarantino,,17700000.0,628.6666666666666,36.115,103329686.5,127.83333333333333,2883.0,7.966666666666668,841488.3333333334,7.461976847777778,6
Rachid Bouchareb,,14500000.0,2016.0,9.291,22963701.0,128.0,,7.0,14025.0,1.5837035172413794,1
Rafael Marziano Tinoco,,83000.0,3884.0,1.4655,0.0,30.5,,8.4,19.0,0.0,2
Rainer Werner Fassbinder,,130000.0,216.0,7.054,0.0,93.0,,8.1,19147.0,0.0,1
Ralph Bakshi,,4000000.0,123.0,18.116,30471420.0,132.0,,6.2,29796.0,7.617855,1
Rand Ravich,,75000000.0,2900.0,11.162,19598588.0,109.0,,5.4,53175.0,0.26131450666666667,1
Randal Kleiser,,6000000.0,621.0,25.775,181813770.0,110.0,86083.0,7.2,243794.0,30.302295,1
Renny Harlin,,84000000.0,1490.5,21.5805,125024208.0,124.0,1570.0,6.45,182985.5,1.7656166,2
Reza Bagher,,2224000.0,442.0,3.091,28000000.0,105.0,,6.5,5069.0,12.589928057553957,1
Richard Attenborough,,22000000.0,783.0,17.311,77737889.0,191.0,,8.0,218516.0,3.533540409090909,1
Richard Benjamin,,31000000.0,4587.0,10.928,35419397.0,110.0,,6.7,28875.0,1.142561193548387,1
Richard Brooks,,3000000.0,261.0,7.627,17570324.0,108.0,,8.0,45427.0,5.8567746666666665,1
Richard Curtis,,40000000.0,508.0,20.49,244931766.0,135.0,793484.0,7.6,438801.0,6.12329415,1
Richard Donner,,43475000.0,1152.625,23.496624999999998,175059370.25,118.25,3872.6666666666665,7.075,143860.75,7.2114259812716455,8
Richard Eyre,,15000000.0,1259.0,9.934,49469904.0,92.0,,7.4,74878.0,3.2979936,1
Richard Fleischer,,5057500.0,1167.0,11.0025,20100000.0,113.5,,7.0,23405.0,3.9930205278592377,2
Richard Friedman,,2500000.0,4368.0,10.698,0.0,94.0,,2.7,1557.0,0.0,1
Richard Kelly,,11500000.0,2432.0,18.931,3676918.0,129.0,178106.0,6.7,390516.0,0.5926129362745098,2
Richard LaGravenese,,21000000.0,1646.0,28.864,43095175.0,123.0,,7.6,70813.0,2.0521511904761907,1
Richard Lester,,560000.0,704.0,10.292,12299668.0,88.0,,7.6,40571.0,21.963692857142856,1
Richard Linklater,,12225000.0,1312.25,16.386499999999998,40117721.75,97.75,123800.0,7.6,222786.75,3.192186121392082,4
Richard Marquand,,32350000.0,1892.0,24.308,572700000.0,135.0,10.0,8.3,956373.0,17.7032457496136,1
Richard Rush,,40000000.0,2124.0,18.928,19726050.0,121.0,,5.2,22784.0,0.49315125,1
Ridley Scott,,60700000.0,1941.5,23.745199999999997,149799459.9,136.9,215464.0,7.44,416054.3,3.0143730752366587,10
Rob Bowman,,66000000.0,846.0,17.534,189198313.0,121.0,19387.0,7.1,101485.0,2.866641106060606,1
Rob Cohen,,145000000.0,1735.0,21.868,403449830.0,112.0,1733.0,5.2,151573.0,2.782412620689655,1
Rob Marshall,,170000000.0,1781.0,33.07966666666667,504911165.3333333,132.0,295.0,7.066666666666667,279804.3333333333,3.825959955612889,3
Rob Minkoff,,55000000.0,1729.0,26.458,127906624.0,104.0,,6.6,101631.0,2.325574981818182,1
Rob Reiner,,28333333.333333332,1458.0,16.650000000000002,94903872.83333333,104.33333333333333,,7.45,239375.66666666666,4.1135966574404765,6
Rob Zombie,,9666666.666666666,2146.6666666666665,21.554333333333332,39149946.666666664,101.66666666666667,112486.33333333333,6.333333333333333,93938.33333333333,3.554655034920635,3
Robby Henson,,6000000.0,2091.0,7.448,0.0,99.0,,6.1,3170.0,0.0,1
Robert Aldrich,,4150000.0,3319.5,12.008,44154037.5,135.5,124492.0,7.4,42355.0,11.60962978927203,2
Robert Altman,,5600000.0,2301.25,13.32025,23464915.75,130.25,,6.975,33172.75,6.157946193366437,4
Robert De Niro,,47500000.0,1427.0,17.259999999999998,58777381.5,144.0,,7.25,113889.5,1.454199988235294,2
Robert Duvall,,5000000.0,2895.0,12.173,19868354.0,134.0,,7.2,13490.0,3.9736708,1
Robert Gaffney,,60000.0,3166.0,3.954,0.0,79.0,,3.8,1176.0,0.0,1
Robert J. Flaherty,,53000.0,669.0,8.122,0.0,79.0,,7.6,11024.0,0.0,1
Robert Lee,,2000000.0,2072.0,5.904,0.0,99.0,,4.3,503.0,0.0,1
Robert Luketic,,43000000.0,4379.0,14.996,154749918.0,101.0,,5.6,56990.0,3.5988353023255812,1
Robert Markowitz,,15000000.0,2734.0,8.601,0.0,190.0,,7.1,1158.0,0.0,1
Robert Mulligan,,2000000.0,595.0,10.833,13129846.0,129.0,,8.2,295271.0,6.564923,1
Robert Redford,,46750000.0,2578.25,13.748000000000001,83249789.0,127.75,,6.675,48624.5,2.2585402897321427,4
Robert Rodriguez,,24000000.0,1091.5,18.8055,62011099.0,105.0,10286.5,6.800000000000001,221410.5,2.3727658094373867,2
Robert Rossen,,2000000.0,990.0,12.253,7600000.0,134.0,387219.0,8.0,75357.0,3.8,1
Robert Stevenson,,6000000.0,433.0,37.488,102272727.0,139.0,527439.0,7.8,158902.0,17.0454545,1
Robert Vincent O'Neil,,3000000.0,1803.0,7.696,0.0,89.0,161314.0,5.7,2783.0,0.0,1
Robert Wiene,,18000.0,234.0,12.243,8811.0,77.0,,8.1,57840.0,0.4895,1
Robert Wise,,18100000.0,490.0,15.218,69500000.0,112.0,151.0,7.050000000000001,79314.5,1.9857142857142858,2
Robert Zemeckis,,60500000.0,873.25,26.071125000000002,327888196.875,123.0,264.0,7.550000000000001,562922.625,7.388873850674936,8
Roberto Benigni,,20000000.0,637.0,34.889,230098753.0,116.0,,8.6,628702.0,11.50493765,1
Roberto Rossellini,,900000.0,4173.0,5.117,0.0,105.0,,7.3,6020.0,0.0,1
Rod Hardy,,4000000.0,4629.0,9.343,46474.0,105.0,,6.5,11678.0,0.0116185,1
Rod Lurie,,72000000.0,2100.0,16.801,27642707.0,131.0,,7.0,72712.0,0.38392648611111113,1
Roger Avary,,2750000.0,1158.0,12.0725,209480.5,103.5,,6.6,34624.5,0.13965366666666668,2
Roger Corman,,11500000.0,3072.0,7.969,334748.0,82.0,,5.5,3559.0,0.029108521739130436,1
Roger Donaldson,,35500000.0,2158.0,10.524999999999999,54902673.0,123.5,,6.85,77205.5,1.2721810226086956,2
Roger Kumble,,10500000.0,796.0,20.854,76347426.0,98.0,52789.0,6.8,180069.0,7.271183428571429,1
Roger Michell,,43500000.0,1023.0,14.0885,229412721.0,111.5,,6.8,172472.0,5.386861798412698,2
Roger Spottiswoode,,110000000.0,714.0,19.774,333011068.0,119.0,645.0,6.5,182240.0,3.0273733454545453,1
Roger Young,,20000000.0,2331.0,8.904,0.0,240.0,,6.0,2664.0,0.0,1
Roland Emmerich,,99000000.0,1230.8,34.7028,430509838.2,138.8,174296.5,6.62,312515.4,4.739904768197668,5
Roland Joffé,,14400000.0,625.0,11.573,34700291.0,142.0,,7.8,51918.0,2.4097424305555557,1
Roman Polanski,,22366666.666666668,998.1666666666666,19.679166666666664,47327267.833333336,131.5,311671.5,7.550000000000001,243044.33333333334,3.540913642462406,6
Ron Howard,,65375000.0,1564.75,16.278375,266761638.375,132.875,320348.0,7.175000000000001,258768.0,4.4621705427813225,8
Ron Shelton,,11000000.0,2599.0,13.216000000000001,30062735.0,113.0,,6.85,34277.5,3.9427728095238095,2
Ron Underwood,,27000000.0,1406.0,11.882,179033791.0,114.0,150156.0,6.8,48795.0,6.630881148148148,1
Ronald Neame,,5000000.0,551.0,11.162,84563118.0,117.0,372257.0,7.1,41184.0,16.9126236,1
Ronny Yu,,28.0,1613.0,14.706,14.0,93.0,,6.3,47741.0,0.5,1
Rouben Mamoulian,,535000.0,3019.0,10.106,1250000.0,98.0,,7.6,12649.0,2.336448598130841,1
Rowland V. Lee,,420000.0,3077.0,11.592,0.0,99.0,218406.0,7.1,9154.0,0.0,1
Roy William Neill,,1200000.0,3076.0,11.374,0.0,74.0,259027.0,6.5,7919.0,0.0,1
Rupert Wainwright,,18000000.0,791.0,16.043,46201432.0,100.0,,3.7,35159.0,2.566746222222222,1
Russ Meyer,,45000.0,315.0,7.248,0.0,84.0,,6.7,13860.0,0.0,1
Sajid Khan,,9400000.0,4157.0,4.728,2200000.0,150.0,,6.0,13392.0,0.23404255319148937,1
Sam Garbarski,,4500000.0,1922.0,6.556,0.0,103.0,,7.2,7158.0,0.0,1
Sam Mendes,,50500000.0,2083.5,18.80925,177542314.25,120.25,285564.0,7.575,424671.0,7.3830526205357145,4
Sam Peckinpah,,4222043.5,785.0,13.600000000000001,1945217.5,130.5,,7.7,67160.5,0.7901837531207161,2
Sam Raimi,,77743950.0,1025.125,30.198375,320647647.5,97.5,1258.0,7.0875,288530.375,12.760545626600265,8
Santiago Segura,,5473145.0,1285.0,12.863,19888231.0,91.0,2248.0,5.6,5511.0,3.6337847800487655,1
Santosh Sivan,,17000000.0,4435.0,6.856,19000000.0,155.0,,6.5,13308.0,1.1176470588235294,1
Scott Hicks,,28000000.0,3638.0,13.012,92601050.0,104.0,,6.3,71222.0,3.3071803571428573,1
Sean Ellis,,6700000.0,3511.0,9.811,0.0,93.0,,5.4,10400.0,0.0,1
Sean S. Cunningham,,550000.0,4488.0,36.483,59754601.0,95.0,9735.0,6.5,120708.0,108.6447290909091,1
Sergio Leone,,5400000.0,480.8,19.8562,13082497.0,157.4,,8.38,349136.8,23.953933293333332,5
Sharon Maguire,,25000000.0,634.0,21.212,281929795.0,97.0,8936.0,6.7,227718.0,11.2771918,1
Shawn Levy,,110000000.0,1593.0,23.123,574480841.0,108.0,85943.0,6.4,316492.0,5.2225531,1
Shekhar Kapur,,42500000.0,4517.5,13.3675,78194102.5,119.0,100286.0,7.1,80774.5,2.044064303030303,2
Sidney Lumet,,1075000.0,678.5,20.0675,23832928.0,111.0,,8.5,466720.0,14.391309206349206,2
Sijie Dai,,3910000.0,1899.0,5.985,0.0,95.0,,6.6,2272.0,0.0,1
Simon Wells,,80000000.0,2135.0,21.838,123729176.0,96.0,,6.0,118835.0,1.5466147,1
Simon West,,83333333.33333333,1990.3333333333333,18.930666666666667,216140475.33333334,110.66666666666667,2467.0,6.366666666666667,176749.66666666666,2.623550671884058,3
Simon Wincer,,21500000.0,2043.5,24.76,80566675.5,105.0,9328.0,6.1,44048.0,4.00409010326087,2
Sofia Coppola,,16666666.666666666,1161.0,18.146333333333335,63535857.666666664,107.33333333333333,,7.133333333333333,221820.33333333334,11.059239555555555,3
Spike Jonze,,16000000.0,1624.5,13.392,27832384.5,114.0,,7.7,246817.0,1.7425578400809716,2
Spike Lee,,20900000.0,1267.6,12.7894,65590325.2,143.6,631194.0,7.5,141471.0,3.681625494798534,5
Stacy Peralta,,2600000.0,291.0,7.195,3166000.0,105.0,,7.9,4368.0,1.2176923076923076,1
Stanley Donen,,4000000.0,4808.0,10.452,13475000.0,113.0,,7.9,69416.0,3.36875,1
Stanley Kramer,,3500000.0,1350.0,11.072500000000002,33333333.5,143.5,,8.0,55055.5,8.750000041666667,2
Stanley Kubrick,,14205000.0,817.0,21.69263636363636,40948491.90909091,137.27272727272728,267251.0,8.100000000000001,395118.36363636365,3.7421104126736635,11
Stefen Fangmeier,,100000000.0,2486.0,20.106,249288105.0,104.0,,5.1,122268.0,2.49288105,1
Stephen Daldry,,15000000.0,330.5,13.3635,75439046.5,112.0,,7.6,126228.0,11.7599829,2
Stephen Frears,,19666666.666666668,755.6666666666666,14.396,68393714.33333333,111.66666666666667,,7.466666666666666,112907.33333333333,4.090988344444445,3
Stephen Gaghan,,50000000.0,231.0,13.088,93974620.0,128.0,,6.9,126169.0,1.8794924,1
Stephen Herek,,11666666.666666666,2560.6666666666665,20.30933333333333,53307414.0,103.0,51319.5,6.8,62199.666666666664,5.0841844739130435,3
Stephen Hopkins,,44000000.0,1003.75,20.19025,67046934.5,111.75,399.0,5.95,68676.75,1.3703069441964286,4
Stephen J. Anderson,,150000000.0,1267.0,31.964,169332978.0,95.0,,6.8,88178.0,1.12888652,1
Stephen Sommers,,89000000.0,1149.0,33.9495,429583196.0,127.0,1733.0,6.7,347347.5,4.860921565306122,2
Steve Barron,,13500000.0,1498.0,18.265,201965915.0,93.0,1582.0,6.8,85812.0,14.960438148148148,1
Steve Bendelack,,25000000.0,1268.0,20.538,232225908.0,90.0,103372.0,6.4,116574.0,9.28903632,1
Steven Brill,,50000000.0,2022.0,15.608,171269535.0,96.0,,5.8,136959.0,3.4253907,1
Steven Lisberger,,17000000.0,97.0,16.468,33000000.0,96.0,63043.0,6.8,113847.0,1.9411764705882353,1
Steven Soderbergh,,51920000.0,1036.7,17.7763,170222429.9,117.0,304.0,6.94,182721.7,2.3957166431329773,10
Steven Spielberg,,57297500.0,488.6,25.777649999999994,412014843.0,135.15,479.7142857142857,7.62,517811.3,14.349566688556347,20
Steven Zaillian,,55000000.0,1717.0,10.445,9450897.0,125.0,,6.2,23727.0,0.17183449090909092,1
Stuart Baird,,57500000.0,1260.5,15.559000000000001,94641021.0,125.0,115570.0,6.4,62729.5,1.6697512712121214,2
Stuart Gillard,,21000000.0,1499.0,18.202,42273609.0,96.0,1582.0,4.8,31099.0,2.013029,1
Stuart Gordon,,900000.0,1694.0,10.087,2023414.0,86.0,98036.0,7.2,57058.0,2.248237777777778,1
Stuart Rosenberg,,6100000.0,1263.0,12.4205,26669740.5,126.0,,7.65,89576.0,4.5963441423611116,2
Sung-su Kim,,8000000.0,1436.0,7.485,0.0,155.0,,7.1,10680.0,0.0,1
Susanne Bier,,16000000.0,3877.0,10.555,2849142.0,113.0,,7.2,27737.0,0.178071375,1
Sydney Pollack,,55500000.0,392.5,10.7935,145722064.0,144.5,,6.800000000000001,85762.5,3.0909735913306453,2
Sylvain White,,13000000.0,1931.0,21.05,75511123.0,114.0,160727.0,5.5,21780.0,5.808547923076923,1
Sylvester Stallone,,19750000.0,1339.5,25.29325,202844252.0,102.75,1575.0,7.025,190671.25,11.058078489326375,4
Takashi Shimizu,,15000000.0,1972.5,31.134,111309220.5,97.0,1974.0,5.5,93258.0,10.152326075,2
Takeshi Kitano,,7250000.0,286.5,9.771999999999998,7625000.0,112.5,,7.3,34658.5,0.6354166666666666,2
Taylor Hackford,,34833333.333333336,2037.6666666666667,18.397333333333332,135823916.0,140.0,,7.3999999999999995,174524.66666666666,7.702533955263157,3
Ted Demme,,53000000.0,4133.0,23.773,83282296.0,124.0,,7.6,242006.0,1.5713640754716982,1
Ted Kotcheff,,15000000.0,1368.0,31.728,125212904.0,93.0,5039.0,7.7,227912.0,8.347526933333333,1
Ted Post,,2400000.0,3307.0,17.8965,12899859.0,104.5,1709.0,6.55,38849.5,5.055508555555555,2
Terence Fisher,,270000.0,3079.0,10.841,8000000.0,82.0,123720.0,7.1,9743.0,29.62962962962963,1
Terence Young,,2816666.6666666665,654.3333333333334,21.421000000000003,93231474.33333333,118.33333333333333,645.0,7.2,126703.66666666667,42.61938747448166,3
Terrence Malick,,450000.0,3133.0,11.531,0.0,94.0,,7.8,66589.0,0.0,1
Terry George,,17500000.0,205.0,32.123,38000000.0,121.0,,8.1,335926.0,2.1714285714285713,1
Terry Gilliam,,34900000.0,1325.6,14.624199999999998,65346698.4,129.2,,7.38,245399.4,1.8683705315442403,5
Terry Jones,,4000000.0,583.0,12.368,20045115.0,94.0,,8.1,369390.0,5.01127875,1
Terry Zwigoff,,7000000.0,1548.0,10.935,0.0,111.0,,7.3,113519.0,0.0,1
Theo van Gogh,,2.0,2922.0,0.6,0.0,119.0,,6.5,257.0,0.0,1
Thomas Vinterberg,,1300000.0,309.0,11.913,0.0,105.0,,8.0,78916.0,0.0,1
Tim Burton,,65800000.0,964.4,29.3291,209178528.8,114.6,120794.0,7.159999999999999,310120.2,3.5201449503492066,10
Tim Robbins,,11000000.0,687.0,10.372,39363635.0,122.0,,7.5,88977.0,3.5785122727272727,1
Tim Story,,130000000.0,1979.0,30.085,301913131.0,92.0,9744.0,5.6,251655.0,2.3224087,1
Timo Novotny,,42000.0,8.0,3.165,0.0,80.0,,8.1,273.0,0.0,1
Timur Bekmambetov,,7100000.0,2654.5,10.854,44599498.0,123.0,3106.0,6.45,42895.5,7.143327878571428,2
Tobe Hooper,,10700000.0,609.0,16.544,122200000.0,114.0,10453.0,7.3,145183.0,11.42056074766355,1
Toby Wilkins,,5000000.0,1977.0,25.709,38610009.0,90.0,1974.0,4.7,17538.0,7.7220018,1
Tod Browning,,310607.0,136.0,16.592,0.0,62.0,,7.9,42329.0,0.0,1
Tod Williams,,7500000.0,1944.0,14.51,6715067.0,111.0,,6.6,15166.0,0.8953422666666667,1
Todd Field,,13850000.0,1719.5,14.278500000000001,7410829.0,133.0,,7.45,71695.0,0.2850318846153846,2
Todd Haynes,,20000000.0,3902.0,12.818,4001121.0,135.0,,6.9,56649.0,0.20005605,1
Todd Holland,,6000000.0,183.0,9.331,14278900.0,100.0,,6.1,14231.0,2.3798166666666667,1
Tom McCarthy,,500000.0,2056.0,10.796,8679814.0,88.0,,7.6,67595.0,17.359628,1
Tom Shadyac,,78750000.0,1920.25,21.22125,266880221.25,92.25,84355.0,6.5,268484.0,5.2301778272817465,4
Tom Tykwer,,33843333.333333336,2163.3333333333335,19.058666666666667,66536433.0,115.33333333333333,,7.2,172155.33333333334,2.8656299451851854,3
Tony Gilroy,,25000000.0,4566.0,11.126,92991835.0,119.0,,7.2,156976.0,3.7196734,1
Tony Kaye,,20000000.0,73.0,28.204,23875127.0,119.0,,8.5,1040384.0,1.19375635,1
Tony Scott,,46100000.0,962.6,18.2474,194009496.2,113.2,308595.5,6.9,168119.6,7.872037849478261,5
Trey Parker,,32000000.0,3989.0,11.66,50907422.0,98.0,,7.2,159996.0,1.5908569375,1
Uli Edel,,30000000.0,2149.0,15.273,13273595.0,101.0,,4.5,14188.0,0.4424531666666667,1
Uwe Boll,,60000000.0,2312.0,17.67,0.0,127.0,122922.0,3.8,44539.0,0.0,1
Valeska Grisebach,,1000000.0,351.0,1.754,0.0,88.0,,6.5,596.0,0.0,1
Vincente Minnelli,,2215732.0,1839.0,8.666,6033000.0,113.0,,7.35,25976.5,3.0414612232145863,2
Vincenzo Natali,,350000.0,431.0,17.985,8969065.0,90.0,432.0,7.2,213816.0,25.6259,1
W.S. Van Dyke,,226408.0,3529.0,11.316,1423000.0,91.0,47814.0,8.0,26814.0,6.285113600226141,1
Walter Hill,,16000000.0,327.5,11.675,43053151.0,95.0,93295.0,6.550000000000001,39723.5,3.4671326833333334,2
Walter Salles,,2900000.0,666.0,10.938,5596708.0,113.0,,8.0,36669.0,1.9298993103448276,1
Werner Herzog,,92000.0,2000.0,14.272,0.0,93.0,,7.9,52735.0,0.0,1
Wes Anderson,,33000000.0,2479.5,13.025,29592777.0,105.5,,7.25,181544.5,1.10986999875,2
Wes Craven,,19950000.0,3269.0,27.15175,133187188.25,109.75,4096.75,6.65,195121.75,9.439327731448412,4
Willard Carroll,,20000000.0,825.0,12.094,3970078.0,121.0,,7.0,18673.0,0.1985039,1
William A. Wellman,,565000.0,980.0,9.053,0.0,76.0,,8.0,20975.0,0.0,1
William Friedkin,,1800000.0,1051.0,11.23,41158757.0,104.0,155474.0,7.7,110904.0,22.86597611111111,1
William Shatner,,30000000.0,172.0,13.321,70200000.0,107.0,151.0,5.5,56340.0,2.34,1
William Wyler,,4962500.0,1083.0,15.190500000000002,49912500.0,153.75,,7.9,104617.75,7.548809523809524,4
Wim Wenders,,5811741.0,1161.0,10.844249999999999,1348031.5,129.75,582828.0,7.15,46534.75,0.633268044905104,4
Wolfgang Becker,,4800000.0,338.0,12.064,79384880.0,121.0,,7.7,138555.0,16.538516666666666,1
Wolfgang Petersen,,98200000.0,1149.2,20.8026,220270467.4,127.8,,6.859999999999999,197831.0,2.6574211025183985,5
Woody Allen,,10750000.0,992.5,13.937249999999999,41457385.25,102.25,,7.4,145968.5,5.9201287874999995,4
Xavier Gens,,24000000.0,1620.0,27.24,99965753.0,89.0,737031.0,6.3,161328.0,4.165239708333333,1
Yash Chopra,,7000000.0,4251.0,9.245,29385320.0,192.0,,7.8,49345.0,4.197902857142857,1
Yimou Zhang,,38000000.0,786.5,17.5165,127981704.5,106.5,,7.45,108425.5,3.7341891494623654,2
Zach Braff,,2500000.0,401.0,14.899,26781723.0,102.0,,7.4,207051.0,10.7126892,1
Zack Snyder,,46500000.0,1097.5,33.2375,262483400.0,109.0,125570.0,7.449999999999999,485421.0,5.07864189478022,2
Émile Gaudreault,,4361898.0,321.0,7.071,3031801.0,92.0,,6.7,6350.0,0.6950646255368649,1
